<?xml version='1.0' encoding='UTF-8'?>
<addon id="plugin.video.bigpond-movies" name="Bigpond Movies" provider-name="Glenn Guy" version="0.0.2-1-g138b521">
  <requires>
    <import addon="xbmc.python" version="2.1.0" />
    <import addon="script.module.requests" />
    <import addon="script.module.beautifulsoup4" />
    <import addon="script.common.plugin.cache" />
  </requires>
  <extension library="default.py" point="xbmc.python.pluginsource" provides="video">
    <provides>video</provides>
  </extension>
  <extension library="default.py" point="xbmc.addon.metadata">
    <summary>Bigpong Movies add-on</summary>
    <description>Access everything that Telstra's Bigpond Movies has to offer</description>
    <provides>video</provides>
    <platform>all</platform>
  <news>[B]Version v0.0.2-1-g138b521[/B]
- Remove incorrect import

[B]Version v0.0.1[/B]
- Initial version
</news></extension>
</addon>