<?xml version='1.0' encoding='UTF-8'?>
<addon id="script.common.plugin.cache" name="Common plugin cache" provider-name="TheCollective" version="0.0.1-1~gae3ed9c">
  <requires>
    <import addon="xbmc.python" version="2.24.0" />
    <import addon="script.module.future" />
  </requires>
  <extension library="default.py" point="xbmc.service" start="startup">
  </extension>
  <extension point="xbmc.addon.metadata">
    <platform>all</platform>
    <summary lang="en">Common caching api for xbmc plugins.</summary>
  <news>[B]Version v0.0.1-1-gae3ed9c[/B]
- Add travis yml

[B]Version v0.0.1[/B]
- Initial version
</news></extension>
  <extension library="lib" point="xbmc.python.module" />
</addon>