<?xml version='1.0' encoding='UTF-8'?>
<addon id="script.module.warrant" name="Warrant" version="1.0.0-11~g3c45f38_leia" provider-name="Aussie Add-ons">
  <requires>
    <import addon="xbmc.python" version="2.1.0" />
    <import addon="script.module.dateutil" version="2.4.2" />
    <import addon="script.module.six" version="1.9.0" />
  </requires>
  <extension point="xbmc.python.module" library="lib" />
  <extension point="xbmc.addon.metadata">
    <language />
    <summary lang="en">Warrant for Python</summary>
    <description lang="en">Packed for Kodi from https://github.com/capless/warrant</description>
    <platform>all</platform>
  <news>[B]Version v1.0.1[/B]
- Run on tag instead of release
- fix dev commit msg again
- fix dev commit msg, tidyup
- Deploy to prod repo
- Update deploy.yml
- switch to personal access token
- Forgot to change TRAVIS_COMMIT_MSG to new
- Fix syntax error and finish script for dev
- Create deploy.yml - test run
- Update to build leia/matrix

[B]Version v1.0.0[/B]
- Initial version
</news></extension>
</addon>