<?xml version='1.0' encoding='UTF-8'?>
<addon id="plugin.video.cricketaustralia" name="Cricket Live" provider-name="Aussie Add-ons" version="0.0.3">
  <requires>
    <import addon="xbmc.python" version="2.1.0" />
    <import addon="script.module.aussieaddonscommon" />
    <import addon="script.module.drmhelper" />
  </requires>
  <extension library="addon.py" point="xbmc.python.pluginsource" provides="video">
    <provides>video</provides>
  </extension>
  <extension library="addon.py" point="xbmc.addon.metadata">
    <summary>Cricket Live by Aussie Add-ons</summary>
    <description>Watch live Cricket matches and other videos</description>
    <website>http://aussieaddons.com/addons/cricket/</website>
    <source>https://github.com/aussieaddons/plugin.video.cricketaustralia</source>
    <provides>video</provides>
    <platform>all</platform>
  <news>[B]Version v0.0.3[/B]
- update travis token

[B]Version v0.0.2[/B]
- update addon.xml and travis.yml
- Fix for API change
- Improved live video listing/refreshing (#3)
- Update README.md
- Fix to restore news video stream support
- Website updates for 2018/19 season
- Include on-demand clips and DRM helper magic

[B]Version v0.0.1[/B]
- Initial version
</news></extension>
</addon>