<?xml version='1.0' encoding='UTF-8'?>
<addon id="plugin.video.netball-live" name="Netball Live" provider-name="Aussie Add-ons" version="1.1.2-1-g9720aa8">
  <requires>
    <import addon="xbmc.python" version="2.1.0" />
    <import addon="script.module.aussieaddonscommon" />
    <import addon="script.module.beautifulsoup4" />
    <import addon="script.module.requests" />
    <import addon="script.common.plugin.cache" />
  </requires>
  <extension library="default.py" point="xbmc.python.pluginsource" provides="video">
    <provides>video</provides>
  </extension>
  <extension library="default.py" point="xbmc.addon.metadata">
    <summary>Netball Live add-on</summary>
    <description>Netball Live allows you to use you Free Telstra Live Pass to stream live matches, match replays, and other videos offered by this service. Note: this add-on is not compatible with passes obtained via in-app purchase.</description>
    <provides>video</provides>
    <platform>all</platform>
  <news>[B]Version v1.1.2-1-g9720aa8[/B]
- Fix live matches

[B]Version v1.1.2[/B]
- Fix automatically removing login ticket if expired

[B]Version v1.1.1[/B]
- Add travis.yml
- update version no.
- Minor overhaul, using aussieaddonscommon

[B]Version v1.1.0[/B]
- Initial version
</news></extension>
</addon>