﻿<?xml version="1.0" encoding="UTF-8"?>
<addon id="repository.aussieaddons-devel-bug" name="Aussie Add-ons (development) bug example" provider-name="Aussie Add-ons" version="1.0.0">
   <extension point="xbmc.addon.repository" name="Aussie Add-ons Development Repository bug example">
      <info compressed="false">https://raw.githubusercontent.com/xbmc-catchuptv-au/repo-devel/kodi_plus_bug/addons.xml</info>
      <checksum>https://raw.githubusercontent.com/xbmc-catchuptv-au/repo-devel/kodi_plus_bug/addons.xml.md5</checksum>
      <datadir zip="true">https://raw.githubusercontent.com/xbmc-catchuptv-au/repo-devel/kodi_plus_bug/</datadir>
   </extension>
   <extension point="xbmc.addon.metadata">
      <summary>Install Aussie Add-ons (development) plugins</summary>
      <description>Download and install add-ons from the Aussie Add-ons development repository. This repository may include unstable add-ons. Use at your own risk.</description>
      <platform>all</platform>
   </extension>
</addon>
