<?xml version='1.0' encoding='UTF-8'?>
<addon id="repository.aussieaddons-devel" name="Aussie Add-ons (development)" provider-name="Aussie Add-ons" version="1.1.0">
   <extension point="xbmc.addon.repository" name="Aussie Add-ons Development Repository">
      <info compressed="false">https://aussieaddons.com/repository-devel/addons.xml</info>
      <checksum>https://aussieaddons.com/repository-devel/addons.xml.md5</checksum>
      <datadir zip="true">https://aussieaddons.com/repository-devel/</datadir>
   </extension>
   <extension point="xbmc.addon.metadata">
      <summary>Install Aussie Add-ons (development) plugins</summary>
      <description>Download and install add-ons from the Aussie Add-ons development repository. This repository may include unstable add-ons. Use at your own risk.</description>
      <platform>all</platform>
   <news>[B]Version v1.1.0[/B]
- Use HTTPS for all URLs

[B]Version v1.0.0[/B]
- Initial version
</news></extension>
</addon>