<?xml version='1.0' encoding='UTF-8'?>
<addon id="script.module.drmhelper" name="DRM Helper" provider-name="Glenn Guy" version="1.0.1-2-g6822d91">
  <requires>
    <import addon="xbmc.python" version="2.1.0" />
  </requires>
  <extension library="lib" point="xbmc.python.module" />
  <extension point="xbmc.addon.metadata">
    <assets>
      <icon>icon.png</icon>
      <fanart>fanart.jpg</fanart>
    </assets>
    <summary>Module to assist in aquiring components to enable DRM playback</summary>
    <description>This module is required for add-ons which can play back Widevine DRM protected videos. It will fetch and install the required content decrypter module and single sample decrypter module from our repo, and attempt to install the required inputstream.adaptive add-on.</description>
    <website />
    <source>https://github.com/glennguy/script.module.drmhelper</source>
    <platform>all</platform>
    <license>GNU GENERAL PUBLIC LICENSE Version 3, 29 June 2007</license>
  <news>[B]Version v1.0.1-2-g6822d91[/B]
- Update broken inputstream.adaptive zip links
- update icon

[B]Version v1.0.1[/B]
- Feature to get i.a from direct link and install.
- Catch error when trying to install modules without i.a
- Add error message for Kodi &lt; 17.0
- Add config
- Improvement in checking for inputstream.adaptive

[B]Version v1.0.0[/B]
- Initial version
</news></extension>
  <news>[B]Version 1.0.1[/B]
- Feature to get i.a from direct link and install.
- Catch error when trying to install modules without i.a
- Add error message for Kodi &lt; 17.0
- Add config
- Improvement in checking for inputstream.adaptive
</news>
</addon>