<?xml version='1.0' encoding='UTF-8'?>
<addon id="script.module.drmhelper" name="DRM Helper" provider-name="Aussie Add-ons" version="1.2.7-5~g4f7d03d">
  <requires>
    <import addon="xbmc.python" version="2.1.0" />
  </requires>
  <extension library="lib" point="xbmc.python.module" />
  <extension point="xbmc.addon.metadata">
    <assets>
      <icon>icon.png</icon>
      <fanart>fanart.jpg</fanart>
    </assets>
    <summary>Module to assist in aquiring components to enable DRM playback</summary>
    <description>This module is required for add-ons which can play back Widevine DRM protected videos. It will fetch and install the required content decrypter module and single sample decrypter module from our repo, and attempt to install the required inputstream.adaptive add-on.</description>
    <website />
    <source>https://github.com/aussieaddons/script.module.drmhelper</source>
    <platform>all</platform>
    <license>GNU GENERAL PUBLIC LICENSE Version 3, 29 June 2007</license>
  <news>[B]Version v1.2.7-5-g4f7d03d[/B]
- Use arch lookup
- Fix CDM path and some lint errors
- Use xbmc cond vis UWP for Kodi 18
- Major update for v2

[B]Version v1.2.7[/B]
- add special://xbmcbinaddons to ssd check

[B]Version v1.2.6[/B]
- Small hack for afl-video

[B]Version v1.2.5[/B]
- Update widevinecdm links

[B]Version v1.2.4[/B]
- Update widevinecdm, fix arm command, search lib/

[B]Version v1.2.3[/B]
- Search home/addons for ssd_wv

[B]Version v1.2.2[/B]
- Don't fail after installing from repo

[B]Version v1.2.1[/B]
- Update Linux/ARM widevinecdm

[B]Version v1.2.0[/B]
- Major update
- Hack for Xbox One detection for now
- Fix typo
- Xbox fixes
- Better XboxOne handling
- Try/except to not die with python subprocess on UWP
- remove blurb at top
- Limit linux updates of i.a/ssd_wv to LibreELEC
- Update repo URL for downloading binaries
- Update metadata

[B]Version v1.1.0[/B]
- Update Krypton binaries
- Allow playback for non-DRM on DRM unsupported platforms

[B]Version v1.0.9[/B]
- logging clarity
- make dir for slinked ssd_wv

[B]Version v1.0.8[/B]
- Add logging, no support for Android Kodi 17

[B]Version v1.0.7[/B]
- Update travis.yml
- Fix for IndexError exceptions

[B]Version v1.0.6[/B]
- Fix android x86
- Remove Kodi commit tag checking
- Fix Android import error

[B]Version v1.0.3[/B]
- Formatting and docstrings
- Several changes/features
- Escape paths, fix buildversion errors
- Fix Android error, begin Leia support
- missing version attribute
- Support Android, other tweaks/fixes
- Windows - fix implementation and detect 32bit or 64bit
- Fix error in addon.xml

[B]Version v1.0.2[/B]
- Update broken inputstream.adaptive zip links
- update icon

[B]Version v1.0.1[/B]
- Initial version
</news></extension>
  <news />
</addon>