<?xml version='1.0' encoding='UTF-8'?>
<addon id="plugin.video.abc_iview" name="ABC iView" provider-name="Aussie Add-ons" version="1.8.1">
  <requires>
    <import addon="xbmc.python" version="2.1.0" />
    <import addon="script.module.aussieaddonscommon" />
    <import addon="script.common.plugin.cache" />
    <import addon="script.module.beautifulsoup" />
    <import addon="script.module.requests" />
  </requires>
  <extension library="default.py" point="xbmc.python.pluginsource" provides="video">
    <provides>video</provides>
  </extension>
  <extension library="default.py" point="xbmc.addon.metadata">
    <assets>
      <icon>icon.png</icon>
      <fanart>fanart.jpg</fanart>
    </assets>
    <summary>ABC iView by Aussie Add-ons</summary>
    <description>iView offers full-length programs as seen on ABC TV, and iView originals ranging from arts to anime. Programs are added every day; most programs are available for 14 days. You must be located in Australia to access content. NOTE: This will count towards your Internet usage quota.</description>
    <website>http://aussieaddons.com/addons/abc_iview</website>
    <source>https://github.com/xbmc-catchuptv-au/plugin.video.abc_iview</source>
    <provides>video</provides>
    <platform>all</platform>
    <license>GNU GENERAL PUBLIC LICENSE Version 3, 29 June 2007</license>
  <news>[B]Version v1.8.1[/B]
- Method name updates
- Fix method name from utils
- Code cleanups and add user reporting to settings
- Code clean ups
- Use aussie add-ons common module
- Use customsession module
- Validate categories
- Remove automatic time/timezone calculation, small cleanup
- Use external issue reporter module, rework dialog function
- Correct implementation of DST calculation, handle exceptions
- 404 error fixes, Flake8, other small changes

[B]Version v1.8.0[/B]
- Fix for duplicate entries in news categories
- Switch to using requests
- Add missing requests import
- Switch to mobile API and update metadata for Kodi v17
- Remove cookies.dat on each playback
- Update README.markdown
- Add 'high quality' streams where available
- Fix for error caused by missing playlist info
- Fix cookie issue
- Fix typo
- Code style fixes and re-add season/episode parsing
- Revert to Kodi native stream handling
- Add feature to choose stream quality
- small fix for error in episode number counting
- Switch to mobile API

[B]Version v1.7.6[/B]
- rename HTMLParser class
- Fix for subtitles

[B]Version v1.7.3[/B]
- Update README
- Attempt to ignore SSL errors on Python 2.7.9+

[B]Version v1.7.2[/B]
- Remove unset variable

[B]Version v1.7.1[/B]
- Roll back SSL fix due to breakage

[B]Version v1.7.0[/B]
- Disable the 'All' category due to API returning empty responses
- Issue reporter fixes
- Disable SSL verification to work around Apple issues
- Add pre-Kodi v14 support for subtitles
- Enable subtitles in settings
- Add support for subtitles
- Change method of playing videos
- Fix incorrect variable name
- Use minutes for older XBMC/Kodi versions

[B]Version v1.6.8[/B]
- Remove expire date from lastplayed field
- Fix incorrect date variable
- Add expiry date to end of description and fix duration
- Fix datetime parsing
- Parse episode correctly for title containing either Ep or Episode
- Correct series  parsing. Get expire date and send to kodi in lastplayed.
- Don't allow bug report for IncompleteRead errors from API

[B]Version v1.6.7[/B]
- Improve log and error handling

[B]Version v1.6.6[/B]
- Enable 1-hour caching of iView feed
- Remove bundled Beautiful Soup

[B]Version v1.6.5[/B]
- Initial version
</news></extension>
</addon>